Timestamp,Fecha/Hora,Netux,context_weather_station_865733023974652_solar_radiation
1621832141055,2021-05-23 23:55:41,0.0,{}
1621831844131,2021-05-23 23:50:44,0.0,{}
1621831543649,2021-05-23 23:45:43,0.0,{}
1621831241128,2021-05-23 23:40:41,0.0,{}
1621830943444,2021-05-23 23:35:43,0.0,{}
1621830640855,2021-05-23 23:30:40,0.0,{}
1621830341098,2021-05-23 23:25:41,0.0,{}
1621830043462,2021-05-23 23:20:43,0.0,{}
1621829743631,2021-05-23 23:15:43,0.0,{}
1621829444363,2021-05-23 23:10:44,0.0,{}
1621829146910,2021-05-23 23:05:46,0.0,{}
1621828844541,2021-05-23 23:00:44,0.0,{}
1621828541664,2021-05-23 22:55:41,0.0,{}
1621828244882,2021-05-23 22:50:44,0.0,{}
1621827947072,2021-05-23 22:45:47,0.0,{}
1621827682226,2021-05-23 22:41:22,0.0,{}
1621827396631,2021-05-23 22:36:36,0.0,{}
1621827071831,2021-05-23 22:31:11,0.0,{}
1621826709813,2021-05-23 22:25:09,0.0,{}
1621826447897,2021-05-23 22:20:47,0.0,{}
1621826135075,2021-05-23 22:15:35,0.0,{}
1621825822737,2021-05-23 22:10:22,0.0,{}
1621825524369,2021-05-23 22:05:24,0.0,{}
1621825168035,2021-05-23 21:59:28,0.0,{}
1621824867971,2021-05-23 21:54:27,0.0,{}
1621824568235,2021-05-23 21:49:28,0.0,{}
1621824276798,2021-05-23 21:44:36,0.0,{}
1621823969007,2021-05-23 21:39:29,0.0,{}
1621823669583,2021-05-23 21:34:29,0.0,{}
1621823370081,2021-05-23 21:29:30,0.0,{}
1621823073107,2021-05-23 21:24:33,0.0,{}
1621822772924,2021-05-23 21:19:32,0.0,{}
1621822472335,2021-05-23 21:14:32,0.0,{}
1621822175485,2021-05-23 21:09:35,0.0,{}
1621821873006,2021-05-23 21:04:33,0.0,{}
1621821570200,2021-05-23 20:59:30,0.0,{}
1621821270556,2021-05-23 20:54:30,0.0,{}
1621820970328,2021-05-23 20:49:30,0.0,{}
1621820675346,2021-05-23 20:44:35,0.0,{}
1621820374996,2021-05-23 20:39:34,0.0,{}
1621820072970,2021-05-23 20:34:32,0.0,{}
1621819773024,2021-05-23 20:29:33,0.0,{}
1621819473944,2021-05-23 20:24:33,0.0,{}
1621819171640,2021-05-23 20:19:31,0.0,{}
1621818871499,2021-05-23 20:14:31,0.0,{}
1621818571785,2021-05-23 20:09:31,0.0,{}
1621818270510,2021-05-23 20:04:30,0.0,{}
1621817972595,2021-05-23 19:59:32,0.0,{}
1621817674766,2021-05-23 19:54:34,0.0,{}
1621817371495,2021-05-23 19:49:31,0.0,{}
1621817072052,2021-05-23 19:44:32,0.0,{}
1621816772078,2021-05-23 19:39:32,0.0,{}
1621816473123,2021-05-23 19:34:33,0.0,{}
1621816172248,2021-05-23 19:29:32,0.0,{}
1621815875995,2021-05-23 19:24:35,0.0,{}
1621815574079,2021-05-23 19:19:34,0.0,{}
1621815274909,2021-05-23 19:14:34,0.0,{}
1621814973186,2021-05-23 19:09:33,0.0,{}
1621814675871,2021-05-23 19:04:35,0.0,{}
1621814372507,2021-05-23 18:59:32,0.0,{}
1621814073905,2021-05-23 18:54:33,0.0,{}
1621813774529,2021-05-23 18:49:34,0.0,{}
1621813477147,2021-05-23 18:44:37,0.0,{}
1621813177226,2021-05-23 18:39:37,0.0,{}
1621812874218,2021-05-23 18:34:34,0.0,{}
1621812577619,2021-05-23 18:29:37,0.0,{}
1621812276862,2021-05-23 18:24:36,0.0,{}
1621811977870,2021-05-23 18:19:37,0.0,{}
1621811677351,2021-05-23 18:14:37,0.0,{}
1621811378014,2021-05-23 18:09:38,0.0,{}
1621811078577,2021-05-23 18:04:38,0.0,{}
1621810775050,2021-05-23 17:59:35,4.0,{}
1621810478357,2021-05-23 17:54:38,9.0,{}
1621810178609,2021-05-23 17:49:38,17.0,{}
1621809877807,2021-05-23 17:44:37,28.0,{}
1621809607193,2021-05-23 17:40:07,38.0,{}
1621809579701,2021-05-23 17:39:39,38.0,{}
1621809276327,2021-05-23 17:34:36,52.0,{}
1621808977009,2021-05-23 17:29:37,67.0,{}
1621808682307,2021-05-23 17:24:42,81.0,{}
1621808377731,2021-05-23 17:19:37,92.0,{}
1621808079309,2021-05-23 17:14:39,102.0,{}
1621807778831,2021-05-23 17:09:38,110.0,{}
1621807479216,2021-05-23 17:04:39,115.0,{}
1621807181840,2021-05-23 16:59:41,125.0,{}
1621806878181,2021-05-23 16:54:38,129.0,{}
1621806578852,2021-05-23 16:49:38,134.0,{}
1621806277050,2021-05-23 16:44:37,142.0,{}
1621805977090,2021-05-23 16:39:37,175.0,{}
1621805680896,2021-05-23 16:34:40,205.0,{}
1621805382923,2021-05-23 16:29:42,216.0,{}
1621805078285,2021-05-23 16:24:38,228.0,{}
1621804781802,2021-05-23 16:19:41,240.0,{}
1621804477587,2021-05-23 16:14:37,244.0,{}
1621804184543,2021-05-23 16:09:44,285.0,{}
1621803883642,2021-05-23 16:04:43,301.0,{}
1621803581574,2021-05-23 15:59:41,301.0,{}
1621803281517,2021-05-23 15:54:41,326.0,{}
1621802981680,2021-05-23 15:49:41,319.0,{}
1621802681723,2021-05-23 15:44:41,319.0,{}
1621802384928,2021-05-23 15:39:44,327.0,{}
1621802082063,2021-05-23 15:34:42,288.0,{}
1621801782519,2021-05-23 15:29:42,284.0,{}
1621801481694,2021-05-23 15:24:41,279.0,{}
1621801183709,2021-05-23 15:19:43,275.0,{}
1621800879460,2021-05-23 15:14:39,277.0,{}
1621800582914,2021-05-23 15:09:42,286.0,{}
1621800279711,2021-05-23 15:04:39,305.0,{}
1621800020053,2021-05-23 15:00:20,351.0,{}
1621799682618,2021-05-23 14:54:42,444.0,{}
1621799379973,2021-05-23 14:49:39,368.0,{}
1621799082847,2021-05-23 14:44:42,372.0,{}
1621798780541,2021-05-23 14:39:40,492.0,{}
1621798486261,2021-05-23 14:34:46,472.0,{}
1621798183697,2021-05-23 14:29:43,277.0,{}
1621797883944,2021-05-23 14:24:43,326.0,{}
1621797582927,2021-05-23 14:19:42,305.0,{}
1621797282029,2021-05-23 14:14:42,333.0,{}
1621796981648,2021-05-23 14:09:41,487.0,{}
1621796682330,2021-05-23 14:04:42,434.0,{}
1621796381491,2021-05-23 13:59:41,890.0,{}
1621796084090,2021-05-23 13:54:44,877.0,{}
1621795782008,2021-05-23 13:49:42,599.0,{}
1621795486488,2021-05-23 13:44:46,310.0,{}
1621795184640,2021-05-23 13:39:44,390.0,{}
1621794888343,2021-05-23 13:34:48,1008.0,{}
1621794585645,2021-05-23 13:29:45,985.0,{}
1621794286219,2021-05-23 13:24:46,991.0,{}
1621793985867,2021-05-23 13:19:45,1016.0,{}
1621793686371,2021-05-23 13:14:46,238.0,{}
1621793386100,2021-05-23 13:09:46,272.0,{}
1621793085784,2021-05-23 13:04:45,306.0,{}
1621792786612,2021-05-23 12:59:46,467.0,{}
1621792486303,2021-05-23 12:54:46,573.0,{}
1621792188801,2021-05-23 12:49:48,710.0,{}
1621791884700,2021-05-23 12:44:44,496.0,{}
1621791590427,2021-05-23 12:39:50,490.0,{}
1621791285095,2021-05-23 12:34:45,1108.0,{}
1621790988422,2021-05-23 12:29:48,487.0,{}
1621790688534,2021-05-23 12:24:48,1035.0,{}
1621790388568,2021-05-23 12:19:48,1019.0,{}
1621790091090,2021-05-23 12:14:51,1061.0,{}
1621789786496,2021-05-23 12:09:46,1077.0,{}
1621789488335,2021-05-23 12:04:48,435.0,{}
1621789188615,2021-05-23 11:59:48,1059.0,{}
1621788892406,2021-05-23 11:54:52,354.0,{}
1621788590010,2021-05-23 11:49:50,1074.0,{}
1621788327905,2021-05-23 11:45:27,1076.0,{}
1621787993551,2021-05-23 11:39:53,336.0,{}
1621787689246,2021-05-23 11:34:49,331.0,{}
1621787386066,2021-05-23 11:29:46,1021.0,{}
1621787089428,2021-05-23 11:24:49,744.0,{}
1621786788560,2021-05-23 11:19:48,788.0,{}
1621786488947,2021-05-23 11:14:48,641.0,{}
1621786192437,2021-05-23 11:09:52,467.0,{}
1621785890326,2021-05-23 11:04:50,510.0,{}
1621785588245,2021-05-23 10:59:48,568.0,{}
1621785296142,2021-05-23 10:54:56,523.0,{}
1621784990397,2021-05-23 10:49:50,667.0,{}
1621784691980,2021-05-23 10:44:51,566.0,{}
1621784391003,2021-05-23 10:39:51,982.0,{}
1621784090458,2021-05-23 10:34:50,894.0,{}
1621783790406,2021-05-23 10:29:50,1016.0,{}
1621783493094,2021-05-23 10:24:53,683.0,{}
1621783189214,2021-05-23 10:19:49,700.0,{}
1621782891291,2021-05-23 10:14:51,552.0,{}
1621782592082,2021-05-23 10:09:52,670.0,{}
1621782291410,2021-05-23 10:04:51,705.0,{}
1621781994244,2021-05-23 09:59:54,1006.0,{}
1621781692544,2021-05-23 09:54:52,1052.0,{}
1621781393318,2021-05-23 09:49:53,608.0,{}
1621781092197,2021-05-23 09:44:52,981.0,{}
1621780793378,2021-05-23 09:39:53,954.0,{}
1621780492700,2021-05-23 09:34:52,842.0,{}
1621780192435,2021-05-23 09:29:52,702.0,{}
1621779890483,2021-05-23 09:24:50,794.0,{}
1621779595463,2021-05-23 09:19:55,504.0,{}
1621779290427,2021-05-23 09:14:50,984.0,{}
1621778992750,2021-05-23 09:09:52,623.0,{}
1621778693923,2021-05-23 09:04:53,385.0,{}
1621778393668,2021-05-23 08:59:53,406.0,{}
1621778093175,2021-05-23 08:54:53,582.0,{}
1621777796118,2021-05-23 08:49:56,463.0,{}
1621777498230,2021-05-23 08:44:58,482.0,{}
1621777193023,2021-05-23 08:39:53,411.0,{}
1621776891833,2021-05-23 08:34:51,307.0,{}
1621776590896,2021-05-23 08:29:50,279.0,{}
1621776293869,2021-05-23 08:24:53,260.0,{}
1621775996908,2021-05-23 08:19:56,279.0,{}
1621775696738,2021-05-23 08:14:56,253.0,{}
1621775394426,2021-05-23 08:09:54,242.0,{}
1621775094486,2021-05-23 08:04:54,244.0,{}
1621774796873,2021-05-23 07:59:56,243.0,{}
1621774493605,2021-05-23 07:54:53,244.0,{}
1621774193868,2021-05-23 07:49:53,291.0,{}
1621773897542,2021-05-23 07:44:57,234.0,{}
1621773596474,2021-05-23 07:39:56,229.0,{}
1621773294409,2021-05-23 07:34:54,232.0,{}
1621772992709,2021-05-23 07:29:52,239.0,{}
1621772692661,2021-05-23 07:24:52,232.0,{}
1621772395760,2021-05-23 07:19:55,226.0,{}
1621772092038,2021-05-23 07:14:52,220.0,{}
1621771794190,2021-05-23 07:09:54,215.0,{}
1621771493033,2021-05-23 07:04:53,210.0,{}
1621771192199,2021-05-23 06:59:52,204.0,{}
1621770897885,2021-05-23 06:54:57,157.0,{}
1621770592362,2021-05-23 06:49:52,142.0,{}
1621770291888,2021-05-23 06:44:51,133.0,{}
1621769995277,2021-05-23 06:39:55,124.0,{}
1621769692100,2021-05-23 06:34:52,115.0,{}
1621769392195,2021-05-23 06:29:52,106.0,{}
1621769095222,2021-05-23 06:24:55,92.0,{}
1621768792529,2021-05-23 06:19:52,70.0,{}
1621768495134,2021-05-23 06:14:55,40.0,{}
1621768194907,2021-05-23 06:09:54,19.0,{}
1621767893501,2021-05-23 06:04:53,5.0,{}
1621767596041,2021-05-23 05:59:56,0.0,{}
1621767295822,2021-05-23 05:54:55,0.0,{}
1621766992550,2021-05-23 05:49:52,0.0,{}
1621766695559,2021-05-23 05:44:55,0.0,{}
1621766392117,2021-05-23 05:39:52,0.0,{}
1621766092944,2021-05-23 05:34:52,0.0,{}
1621765795952,2021-05-23 05:29:55,0.0,{}
1621765493553,2021-05-23 05:24:53,0.0,{}
1621765198303,2021-05-23 05:19:58,0.0,{}
1621764898675,2021-05-23 05:14:58,0.0,{}
1621764593868,2021-05-23 05:09:53,0.0,{}
1621764297256,2021-05-23 05:04:57,0.0,{}
1621763995907,2021-05-23 04:59:55,0.0,{}
1621763693192,2021-05-23 04:54:53,0.0,{}
1621763399004,2021-05-23 04:49:59,0.0,{}
1621763094071,2021-05-23 04:44:54,0.0,{}
1621762799162,2021-05-23 04:39:59,0.0,{}
1621762499164,2021-05-23 04:34:59,0.0,{}
1621762194649,2021-05-23 04:29:54,0.0,{}
1621761896892,2021-05-23 04:24:56,0.0,{}
1621761597552,2021-05-23 04:19:57,0.0,{}
1621761294138,2021-05-23 04:14:54,0.0,{}
1621760996332,2021-05-23 04:09:56,0.0,{}
1621760697470,2021-05-23 04:04:57,0.0,{}
1621760393787,2021-05-23 03:59:53,0.0,{}
1621760097780,2021-05-23 03:54:57,0.0,{}
1621759797409,2021-05-23 03:49:57,0.0,{}
1621759493594,2021-05-23 03:44:53,0.0,{}
1621759199828,2021-05-23 03:39:59,0.0,{}
1621758894775,2021-05-23 03:34:54,0.0,{}
1621758594874,2021-05-23 03:29:54,0.0,{}
1621758297870,2021-05-23 03:24:57,0.0,{}
1621757996188,2021-05-23 03:19:56,0.0,{}
1621757697533,2021-05-23 03:14:57,0.0,{}
1621757397959,2021-05-23 03:09:57,0.0,{}
1621757095787,2021-05-23 03:04:55,0.0,{}
1621756797773,2021-05-23 02:59:57,0.0,{}
1621756498710,2021-05-23 02:54:58,0.0,{}
1621756194879,2021-05-23 02:49:54,0.0,{}
1621755897941,2021-05-23 02:44:57,0.0,{}
1621755595659,2021-05-23 02:39:55,0.0,{}
1621755295779,2021-05-23 02:34:55,0.0,{}
1621754998331,2021-05-23 02:29:58,0.0,{}
1621754698854,2021-05-23 02:24:58,0.0,{}
1621754398172,2021-05-23 02:19:58,0.0,{}
1621754099528,2021-05-23 02:14:59,0.0,{}
1621753799399,2021-05-23 02:09:59,0.0,{}
1621753500563,2021-05-23 02:05:00,0.0,{}
1621753196883,2021-05-23 01:59:56,0.0,{}
1621752895652,2021-05-23 01:54:55,0.0,{}
1621752601162,2021-05-23 01:50:01,0.0,{}
1621752304228,2021-05-23 01:45:04,0.0,{}
1621751992261,2021-05-23 01:39:52,0.0,{}
1621751690538,2021-05-23 01:34:50,0.0,{}
1621751390385,2021-05-23 01:29:50,0.0,{}
1621751093340,2021-05-23 01:24:53,0.0,{}
1621750794830,2021-05-23 01:19:54,0.0,{}
1621750493641,2021-05-23 01:14:53,0.0,{}
1621750193936,2021-05-23 01:09:53,0.0,{}
1621749890757,2021-05-23 01:04:50,0.0,{}
1621749594162,2021-05-23 00:59:54,0.0,{}
1621749328393,2021-05-23 00:55:28,0.0,{}
1621749289883,2021-05-23 00:54:49,0.0,{}
1621748978983,2021-05-23 00:49:38,0.0,{}
1621748668586,2021-05-23 00:44:28,0.0,{}
1621748364376,2021-05-23 00:39:24,0.0,{}
1621748070307,2021-05-23 00:34:30,0.0,{}
1621747773137,2021-05-23 00:29:33,0.0,{}
1621747461693,2021-05-23 00:24:21,0.0,{}
1621747161811,2021-05-23 00:19:21,0.0,{}
1621746861236,2021-05-23 00:14:21,0.0,{}
1621746561935,2021-05-23 00:09:21,0.0,{}
1621746261657,2021-05-23 00:04:21,0.0,{}
1621745961447,2021-05-22 23:59:21,0.0,{}
1621745662056,2021-05-22 23:54:22,0.0,{}
1621745360956,2021-05-22 23:49:20,0.0,{}
1621745060308,2021-05-22 23:44:20,0.0,{}
1621744762435,2021-05-22 23:39:22,0.0,{}
1621744459991,2021-05-22 23:34:19,0.0,{}
1621744162085,2021-05-22 23:29:22,0.0,{}
1621743862630,2021-05-22 23:24:22,0.0,{}
1621743559538,2021-05-22 23:19:19,0.0,{}
1621743262696,2021-05-22 23:14:22,0.0,{}
1621742959453,2021-05-22 23:09:19,0.0,{}
1621742668147,2021-05-22 23:04:28,0.0,{}
1621742355689,2021-05-22 22:59:15,0.0,{}
1621742055261,2021-05-22 22:54:15,0.0,{}
1621741753454,2021-05-22 22:49:13,0.0,{}
1621741456647,2021-05-22 22:44:16,0.0,{}
1621741156428,2021-05-22 22:39:16,0.0,{}
1621740855934,2021-05-22 22:34:15,0.0,{}
1621740556218,2021-05-22 22:29:16,0.0,{}
1621740257974,2021-05-22 22:24:17,0.0,{}
1621739957403,2021-05-22 22:19:17,0.0,{}
1621739655492,2021-05-22 22:14:15,0.0,{}
1621739391846,2021-05-22 22:09:51,0.0,{}
1621739056241,2021-05-22 22:04:16,0.0,{}
1621738755267,2021-05-22 21:59:15,0.0,{}
1621738458552,2021-05-22 21:54:18,0.0,{}
1621738158014,2021-05-22 21:49:18,0.0,{}
1621737857883,2021-05-22 21:44:17,0.0,{}
1621737557108,2021-05-22 21:39:17,0.0,{}
1621737257924,2021-05-22 21:34:17,0.0,{}
1621736961740,2021-05-22 21:29:21,0.0,{}
1621736658942,2021-05-22 21:24:18,0.0,{}
1621736354793,2021-05-22 21:19:14,0.0,{}
1621736061118,2021-05-22 21:14:21,0.0,{}
1621735761341,2021-05-22 21:09:21,0.0,{}
1621735455767,2021-05-22 21:04:15,0.0,{}
1621735159070,2021-05-22 20:59:19,0.0,{}
1621734858503,2021-05-22 20:54:18,0.0,{}
1621734559388,2021-05-22 20:49:19,0.0,{}
1621734259737,2021-05-22 20:44:19,0.0,{}
1621733956768,2021-05-22 20:39:16,0.0,{}
1621733659116,2021-05-22 20:34:19,0.0,{}
1621733360236,2021-05-22 20:29:20,0.0,{}
1621733056687,2021-05-22 20:24:16,0.0,{}
1621732760269,2021-05-22 20:19:20,0.0,{}
1621732460194,2021-05-22 20:14:20,0.0,{}
1621732156891,2021-05-22 20:09:16,0.0,{}
1621731859775,2021-05-22 20:04:19,0.0,{}
1621731562863,2021-05-22 19:59:22,0.0,{}
1621731261412,2021-05-22 19:54:21,0.0,{}
1621730960267,2021-05-22 19:49:20,0.0,{}
1621730658123,2021-05-22 19:44:18,0.0,{}
1621730356978,2021-05-22 19:39:16,0.0,{}
1621730057870,2021-05-22 19:34:17,0.0,{}
1621729765900,2021-05-22 19:29:25,0.0,{}
1621729451361,2021-05-22 19:24:11,0.0,{}
1621729151618,2021-05-22 19:19:11,0.0,{}
1621728853674,2021-05-22 19:14:13,0.0,{}
1621728553532,2021-05-22 19:09:13,0.0,{}
1621728254070,2021-05-22 19:04:14,0.0,{}
1621727954319,2021-05-22 18:59:14,0.0,{}
1621727652554,2021-05-22 18:54:12,0.0,{}
1621727351860,2021-05-22 18:49:11,0.0,{}
1621727054552,2021-05-22 18:44:14,0.0,{}
1621726753571,2021-05-22 18:39:13,0.0,{}
1621726455594,2021-05-22 18:34:15,0.0,{}
1621726155457,2021-05-22 18:29:15,0.0,{}
1621725857724,2021-05-22 18:24:17,0.0,{}
1621725557582,2021-05-22 18:19:17,0.0,{}
1621725252214,2021-05-22 18:14:12,0.0,{}
1621724954080,2021-05-22 18:09:14,0.0,{}
1621724653827,2021-05-22 18:04:13,0.0,{}
1621724353448,2021-05-22 17:59:13,7.0,{}
1621724056448,2021-05-22 17:54:16,21.0,{}
1621723756111,2021-05-22 17:49:16,37.0,{}
1621723457218,2021-05-22 17:44:17,50.0,{}
1621723160756,2021-05-22 17:39:20,64.0,{}
1621722854438,2021-05-22 17:34:14,76.0,{}
1621722557086,2021-05-22 17:29:17,87.0,{}
1621722254375,2021-05-22 17:24:14,98.0,{}
1621721956296,2021-05-22 17:19:16,111.0,{}
1621721656155,2021-05-22 17:14:16,122.0,{}
1621721358338,2021-05-22 17:09:18,123.0,{}
1621721056706,2021-05-22 17:04:16,132.0,{}
1621720757313,2021-05-22 16:59:17,140.0,{}
1621720456467,2021-05-22 16:54:16,140.0,{}
1621720155245,2021-05-22 16:49:15,137.0,{}
1621719843856,2021-05-22 16:44:03,157.0,{}
1621719540769,2021-05-22 16:39:00,201.0,{}
1621719248270,2021-05-22 16:34:08,205.0,{}
1621718934299,2021-05-22 16:28:54,232.0,{}
1621718642415,2021-05-22 16:24:02,228.0,{}
1621718329786,2021-05-22 16:18:49,259.0,{}
1621718032215,2021-05-22 16:13:52,267.0,{}
1621717731430,2021-05-22 16:08:51,307.0,{}
1621717432436,2021-05-22 16:03:52,298.0,{}
1621717130988,2021-05-22 15:58:50,255.0,{}
1621716829458,2021-05-22 15:53:49,239.0,{}
1621716529877,2021-05-22 15:48:49,244.0,{}
1621716229086,2021-05-22 15:43:49,230.0,{}
1621715932529,2021-05-22 15:38:52,228.0,{}
1621715630514,2021-05-22 15:33:50,237.0,{}
1621715317295,2021-05-22 15:28:37,255.0,{}
1621715018261,2021-05-22 15:23:38,285.0,{}
1621714723415,2021-05-22 15:18:43,263.0,{}
1621714409753,2021-05-22 15:13:29,554.0,{}
1621714115093,2021-05-22 15:08:35,610.0,{}
1621713813287,2021-05-22 15:03:33,630.0,{}
1621713517058,2021-05-22 14:58:37,340.0,{}
1621713213987,2021-05-22 14:53:33,337.0,{}
1621712915301,2021-05-22 14:48:35,664.0,{}
1621712610670,2021-05-22 14:43:30,598.0,{}
1621712310010,2021-05-22 14:38:30,288.0,{}
1621712013737,2021-05-22 14:33:33,362.0,{}
1621711716568,2021-05-22 14:28:36,373.0,{}
1621711413508,2021-05-22 14:23:33,614.0,{}
1621711110545,2021-05-22 14:18:30,627.0,{}
1621710813559,2021-05-22 14:13:33,710.0,{}
1621710511669,2021-05-22 14:08:31,647.0,{}
1621710213247,2021-05-22 14:03:33,465.0,{}
1621709916694,2021-05-22 13:58:36,440.0,{}
1621709613705,2021-05-22 13:53:33,729.0,{}
1621709317326,2021-05-22 13:48:37,548.0,{}
1621709014149,2021-05-22 13:43:34,326.0,{}
1621708714192,2021-05-22 13:38:34,531.0,{}
1621708415767,2021-05-22 13:33:35,290.0,{}
1621708115283,2021-05-22 13:28:35,374.0,{}
1621707812976,2021-05-22 13:23:32,990.0,{}
1621707515394,2021-05-22 13:18:35,715.0,{}
1621707216029,2021-05-22 13:13:36,873.0,{}
1621706915844,2021-05-22 13:08:35,372.0,{}
1621706619949,2021-05-22 13:03:39,396.0,{}
1621706313590,2021-05-22 12:58:33,1039.0,{}
1621706013745,2021-05-22 12:53:33,726.0,{}
1621705721446,2021-05-22 12:48:41,1023.0,{}
1621705409052,2021-05-22 12:43:29,978.0,{}
1621705110012,2021-05-22 12:38:30,898.0,{}
1621704810243,2021-05-22 12:33:30,911.0,{}
1621704514964,2021-05-22 12:28:34,936.0,{}
1621704211430,2021-05-22 12:23:31,936.0,{}
1621703911131,2021-05-22 12:18:31,1008.0,{}
1621703610472,2021-05-22 12:13:30,958.0,{}
1621703313378,2021-05-22 12:08:33,797.0,{}
1621703014619,2021-05-22 12:03:34,331.0,{}
1621702711182,2021-05-22 11:58:31,336.0,{}
1621702415895,2021-05-22 11:53:35,494.0,{}
1621702113568,2021-05-22 11:48:33,352.0,{}
1621701809297,2021-05-22 11:43:29,310.0,{}
1621701507932,2021-05-22 11:38:27,367.0,{}
1621701210317,2021-05-22 11:33:30,333.0,{}
1621700910672,2021-05-22 11:28:30,439.0,{}
1621700614474,2021-05-22 11:23:34,410.0,{}
1621700312174,2021-05-22 11:18:32,499.0,{}
1621700012929,2021-05-22 11:13:32,551.0,{}
1621699714808,2021-05-22 11:08:34,450.0,{}
1621699412763,2021-05-22 11:03:32,478.0,{}
1621699109862,2021-05-22 10:58:29,419.0,{}
1621698810070,2021-05-22 10:53:30,529.0,{}
1621698510508,2021-05-22 10:48:30,605.0,{}
1621698212633,2021-05-22 10:43:32,987.0,{}
1621697910569,2021-05-22 10:38:30,490.0,{}
1621697613650,2021-05-22 10:33:33,809.0,{}
1621697313889,2021-05-22 10:28:33,579.0,{}
1621697011736,2021-05-22 10:23:31,434.0,{}
1621696716848,2021-05-22 10:18:36,385.0,{}
1621696413788,2021-05-22 10:13:33,434.0,{}
1621696119111,2021-05-22 10:08:39,623.0,{}
1621695816376,2021-05-22 10:03:36,769.0,{}
1621695514073,2021-05-22 09:58:34,997.0,{}
1621695214804,2021-05-22 09:53:34,898.0,{}
1621694917171,2021-05-22 09:48:37,471.0,{}
1621694614408,2021-05-22 09:43:34,608.0,{}
1621694318396,2021-05-22 09:38:38,426.0,{}
1621694014695,2021-05-22 09:33:34,452.0,{}
1621693714789,2021-05-22 09:28:34,420.0,{}
1621693412338,2021-05-22 09:23:32,556.0,{}
1621693114565,2021-05-22 09:18:34,514.0,{}
1621692818430,2021-05-22 09:13:38,484.0,{}
1621692515528,2021-05-22 09:08:35,490.0,{}
1621692219187,2021-05-22 09:03:39,488.0,{}
1621691916151,2021-05-22 08:58:36,728.0,{}
1621691651274,2021-05-22 08:54:11,882.0,{}
1621691299942,2021-05-22 08:48:19,766.0,{}
1621691000727,2021-05-22 08:43:20,743.0,{}
1621690700939,2021-05-22 08:38:20,911.0,{}
1621690400598,2021-05-22 08:33:20,864.0,{}
1621690100953,2021-05-22 08:28:20,726.0,{}
1621689801482,2021-05-22 08:23:21,718.0,{}
1621689500246,2021-05-22 08:18:20,667.0,{}
1621689199283,2021-05-22 08:13:19,519.0,{}
1621688898390,2021-05-22 08:08:18,502.0,{}
1621688601374,2021-05-22 08:03:21,424.0,{}
1621688304974,2021-05-22 07:58:24,371.0,{}
1621688001302,2021-05-22 07:53:21,333.0,{}
1621687701311,2021-05-22 07:48:21,345.0,{}
1621687398997,2021-05-22 07:43:18,320.0,{}
1621687102490,2021-05-22 07:38:22,268.0,{}
1621686799333,2021-05-22 07:33:19,243.0,{}
1621686505766,2021-05-22 07:28:25,228.0,{}
1621686202846,2021-05-22 07:23:22,216.0,{}
1621685903354,2021-05-22 07:18:23,175.0,{}
1621685603410,2021-05-22 07:13:23,139.0,{}
1621685303456,2021-05-22 07:08:23,109.0,{}
1621685008057,2021-05-22 07:03:28,82.0,{}
1621684694994,2021-05-22 06:58:14,52.0,{}
1621684391337,2021-05-22 06:53:11,30.0,{}
1621684093744,2021-05-22 06:48:13,13.0,{}
1621683791164,2021-05-22 06:43:11,5.0,{}
1621683494356,2021-05-22 06:38:14,4.0,{}
1621683193925,2021-05-22 06:33:13,0.0,{}
1621682889994,2021-05-22 06:28:09,0.0,{}
1621682594910,2021-05-22 06:23:14,0.0,{}
1621682294120,2021-05-22 06:18:14,0.0,{}
1621681993628,2021-05-22 06:13:13,0.0,{}
1621681680331,2021-05-22 06:08:00,0.0,{}
1621681377054,2021-05-22 06:02:57,0.0,{}
1621681079476,2021-05-22 05:57:59,0.0,{}
1621680779796,2021-05-22 05:52:59,0.0,{}
1621680479010,2021-05-22 05:47:59,0.0,{}
1621680180649,2021-05-22 05:43:00,0.0,{}
1621679877099,2021-05-22 05:37:57,0.0,{}
1621679578205,2021-05-22 05:32:58,0.0,{}
1621679280412,2021-05-22 05:28:00,0.0,{}
1621678980567,2021-05-22 05:23:00,0.0,{}
1621678666094,2021-05-22 05:17:46,0.0,{}
1621678365528,2021-05-22 05:12:45,0.0,{}
1621678067369,2021-05-22 05:07:47,0.0,{}
1621677769596,2021-05-22 05:02:49,0.0,{}
1621677468553,2021-05-22 04:57:48,0.0,{}
1621677166395,2021-05-22 04:52:46,0.0,{}
1621676868571,2021-05-22 04:47:48,0.0,{}
1621676566069,2021-05-22 04:42:46,0.0,{}
1621676272158,2021-05-22 04:37:52,0.0,{}
1621675969361,2021-05-22 04:32:49,0.0,{}
1621675669260,2021-05-22 04:27:49,0.0,{}
1621675370187,2021-05-22 04:22:50,0.0,{}
1621675069510,2021-05-22 04:17:49,0.0,{}
1621674770389,2021-05-22 04:12:50,0.0,{}
1621674469745,2021-05-22 04:07:49,0.0,{}
1621674172054,2021-05-22 04:02:52,0.0,{}
1621673869722,2021-05-22 03:57:49,0.0,{}
1621673570740,2021-05-22 03:52:50,0.0,{}
1621673273270,2021-05-22 03:47:53,0.0,{}
1621672967372,2021-05-22 03:42:47,0.0,{}
1621672670853,2021-05-22 03:37:50,0.0,{}
1621672370714,2021-05-22 03:32:50,0.0,{}
1621672071303,2021-05-22 03:27:51,0.0,{}
1621671770744,2021-05-22 03:22:50,0.0,{}
1621671470728,2021-05-22 03:17:50,0.0,{}
1621671176450,2021-05-22 03:12:56,0.0,{}
1621670862154,2021-05-22 03:07:42,0.0,{}
1621670561975,2021-05-22 03:02:41,0.0,{}
1621670264182,2021-05-22 02:57:44,0.0,{}
1621669964491,2021-05-22 02:52:44,0.0,{}
1621669665182,2021-05-22 02:47:45,0.0,{}
1621669363966,2021-05-22 02:42:43,0.0,{}
1621669061853,2021-05-22 02:37:41,0.0,{}
1621668764130,2021-05-22 02:32:44,0.0,{}
1621668462847,2021-05-22 02:27:42,0.0,{}
1621668164302,2021-05-22 02:22:44,0.0,{}
1621667866131,2021-05-22 02:17:46,0.0,{}
1621667565464,2021-05-22 02:12:45,0.0,{}
1621667266141,2021-05-22 02:07:46,0.0,{}
1621666965928,2021-05-22 02:02:45,0.0,{}
1621666666846,2021-05-22 01:57:46,0.0,{}
1621666362272,2021-05-22 01:52:42,0.0,{}
1621666067021,2021-05-22 01:47:47,0.0,{}
1621665762571,2021-05-22 01:42:42,0.0,{}
1621665466632,2021-05-22 01:37:46,0.0,{}
1621665166434,2021-05-22 01:32:46,0.0,{}
1621664865809,2021-05-22 01:27:45,0.0,{}
1621664563137,2021-05-22 01:22:43,0.0,{}
1621664269369,2021-05-22 01:17:49,0.0,{}
1621663967335,2021-05-22 01:12:47,0.0,{}
1621663667728,2021-05-22 01:07:47,0.0,{}
1621663371044,2021-05-22 01:02:51,0.0,{}
1621663066722,2021-05-22 00:57:46,0.0,{}
1621662767759,2021-05-22 00:52:47,0.0,{}
1621662468091,2021-05-22 00:47:48,0.0,{}
1621662168314,2021-05-22 00:42:48,0.0,{}
1621661867229,2021-05-22 00:37:47,0.0,{}
1621661568120,2021-05-22 00:32:48,0.0,{}
1621661265131,2021-05-22 00:27:45,0.0,{}
1621660967102,2021-05-22 00:22:47,0.0,{}
1621660667809,2021-05-22 00:17:47,0.0,{}
1621660370659,2021-05-22 00:12:50,0.0,{}
1621660067691,2021-05-22 00:07:47,0.0,{}
1621659768487,2021-05-22 00:02:48,0.0,{}
